timestamp,log_type,message
2026-06-01 14:36:13,INFO,All files synced to GitHub successfully
2026-06-01 14:36:13,INFO,scikit-learn version 1.8.0 available
2026-06-01 14:36:13,INFO,scikit-learn version 1.8.0 available
2026-06-01 15:44:43,INFO,scikit-learn version 1.8.0 available
2026-06-01 15:44:44,INFO,Uploaded to GitHub: system_logs.csv
2026-06-01 15:44:45,INFO,Uploaded to GitHub: system_logs.csv
2026-06-01 15:44:46,INFO,Uploaded to GitHub: system_logs.csv
2026-06-01 15:44:48,INFO,Uploaded to GitHub: system_logs.csv
2026-06-01 15:44:49,INFO,Uploaded to GitHub: system_logs.csv
2026-06-01 15:44:50,INFO,Uploaded to GitHub: system_logs.csv
2026-06-01 15:44:51,INFO,Uploaded to GitHub: system_logs.csv
2026-06-01 15:44:52,INFO,Uploaded to GitHub: system_logs.csv
2026-06-01 15:44:52,INFO,Uploaded to GitHub: system_logs.csv
2026-06-01 15:44:54,INFO,Uploaded to GitHub: system_logs.csv
2026-06-01 15:44:55,INFO,Uploaded to GitHub: system_logs.csv
2026-06-01 15:44:56,INFO,Uploaded to GitHub: system_logs.csv
